id,name,image_path
0,cj_0,samp_skins_images/cj_0.png
1,truth_1,samp_skins_images/truth_1.png
2,maccer_2,samp_skins_images/maccer_2.png
3,andre_3,samp_skins_images/andre_3.png
4,bbthin_4,samp_skins_images/bbthin_4.png
5,bb_5,samp_skins_images/bb_5.png
6,emmet_6,samp_skins_images/emmet_6.png
7,male01_7,samp_skins_images/male01_7.png
8,janitor_8,samp_skins_images/janitor_8.png
9,bfori_9,samp_skins_images/bfori_9.png
10,bfost_10,samp_skins_images/bfost_10.png
11,vbfycrp_11,samp_skins_images/vbfycrp_11.png
12,bfyri_12,samp_skins_images/bfyri_12.png
13,bfyst_13,samp_skins_images/bfyst_13.png
14,bmori_14,samp_skins_images/bmori_14.png
15,bmost_15,samp_skins_images/bmost_15.png
16,bmyap_16,samp_skins_images/bmyap_16.png
17,bmybu_17,samp_skins_images/bmybu_17.png
18,bmybe_18,samp_skins_images/bmybe_18.png
19,bmydj_19,samp_skins_images/bmydj_19.png
20,bmyri_20,samp_skins_images/bmyri_20.png
21,bmycr_21,samp_skins_images/bmycr_21.png
22,bmyst_22,samp_skins_images/bmyst_22.png
23,wmybmx_23,samp_skins_images/wmybmx_23.png
24,wbdyg1_24,samp_skins_images/wbdyg1_24.png
25,wbdyg2_25,samp_skins_images/wbdyg2_25.png
26,wmybp_26,samp_skins_images/wmybp_26.png
27,wmycon_27,samp_skins_images/wmycon_27.png
28,bmydrug_28,samp_skins_images/bmydrug_28.png
29,wmydrug_29,samp_skins_images/wmydrug_29.png
30,hmydrug_30,samp_skins_images/hmydrug_30.png
31,dwfolc_31,samp_skins_images/dwfolc_31.png
32,dwmolc1_32,samp_skins_images/dwmolc1_32.png
33,dwmolc2_33,samp_skins_images/dwmolc2_33.png
34,dwmylc1_34,samp_skins_images/dwmylc1_34.png
35,hmogar_35,samp_skins_images/hmogar_35.png
36,wmygol1_36,samp_skins_images/wmygol1_36.png
37,wmygol2_37,samp_skins_images/wmygol2_37.png
38,hfori_38,samp_skins_images/hfori_38.png
39,hfost_39,samp_skins_images/hfost_39.png
40,hfyri_40,samp_skins_images/hfyri_40.png
41,hfyst_41,samp_skins_images/hfyst_41.png
42,jethro_42,samp_skins_images/jethro_42.png
43,hmori_43,samp_skins_images/hmori_43.png
44,hmost_44,samp_skins_images/hmost_44.png
45,hmybe_45,samp_skins_images/hmybe_45.png
46,hmyri_46,samp_skins_images/hmyri_46.png
47,hmycr_47,samp_skins_images/hmycr_47.png
48,hmyst_48,samp_skins_images/hmyst_48.png
49,omokung_49,samp_skins_images/omokung_49.png
50,wmymech_50,samp_skins_images/wmymech_50.png
51,bmymoun_51,samp_skins_images/bmymoun_51.png
52,wmymoun_52,samp_skins_images/wmymoun_52.png
53,ofori_53,samp_skins_images/ofori_53.png
54,ofost_54,samp_skins_images/ofost_54.png
55,ofyri_55,samp_skins_images/ofyri_55.png
56,ofyst_56,samp_skins_images/ofyst_56.png
57,omori_57,samp_skins_images/omori_57.png
58,omost_58,samp_skins_images/omost_58.png
59,omyri_59,samp_skins_images/omyri_59.png
60,omyst_60,samp_skins_images/omyst_60.png
61,wmyplt_61,samp_skins_images/wmyplt_61.png
62,wmopj_62,samp_skins_images/wmopj_62.png
63,bfypro_63,samp_skins_images/bfypro_63.png
64,hfypro_64,samp_skins_images/hfypro_64.png
65,kendl_65,samp_skins_images/kendl_65.png
66,bmypol1_66,samp_skins_images/bmypol1_66.png
67,bmypol2_67,samp_skins_images/bmypol2_67.png
68,wmoprea_68,samp_skins_images/wmoprea_68.png
69,sbfyst_69,samp_skins_images/sbfyst_69.png
70,wmosci_70,samp_skins_images/wmosci_70.png
71,wmysgrd_71,samp_skins_images/wmysgrd_71.png
72,swmyhp1_72,samp_skins_images/swmyhp1_72.png
73,swmyhp2_73,samp_skins_images/swmyhp2_73.png
75,swfopro_75,samp_skins_images/swfopro_75.png
76,wfystew_76,samp_skins_images/wfystew_76.png
77,swmotr1_77,samp_skins_images/swmotr1_77.png
78,wmotr1_78,samp_skins_images/wmotr1_78.png
79,bmotr1_79,samp_skins_images/bmotr1_79.png
80,vbmybox_80,samp_skins_images/vbmybox_80.png
81,vwmybox_81,samp_skins_images/vwmybox_81.png
82,vhmyelv_82,samp_skins_images/vhmyelv_82.png
83,vbmyelv_83,samp_skins_images/vbmyelv_83.png
84,vimyelv_84,samp_skins_images/vimyelv_84.png
85,vwfypro_85,samp_skins_images/vwfypro_85.png
86,ryder3_86,samp_skins_images/ryder3_86.png
87,vwfyst1_87,samp_skins_images/vwfyst1_87.png
88,wfori_88,samp_skins_images/wfori_88.png
89,wfost_89,samp_skins_images/wfost_89.png
90,wfyjg_90,samp_skins_images/wfyjg_90.png
91,wfyri_91,samp_skins_images/wfyri_91.png
92,wfyro_92,samp_skins_images/wfyro_92.png
93,wfyst_93,samp_skins_images/wfyst_93.png
94,wmori_94,samp_skins_images/wmori_94.png
95,wmost_95,samp_skins_images/wmost_95.png
96,wmyjg_96,samp_skins_images/wmyjg_96.png
97,wmylg_97,samp_skins_images/wmylg_97.png
98,wmyri_98,samp_skins_images/wmyri_98.png
99,wmyro_99,samp_skins_images/wmyro_99.png
100,wmycr_100,samp_skins_images/wmycr_100.png
101,wmyst_101,samp_skins_images/wmyst_101.png
102,ballas1_102,samp_skins_images/ballas1_102.png
103,ballas2_103,samp_skins_images/ballas2_103.png
104,ballas3_104,samp_skins_images/ballas3_104.png
105,fam1_105,samp_skins_images/fam1_105.png
106,fam2_106,samp_skins_images/fam2_106.png
107,fam3_107,samp_skins_images/fam3_107.png
108,lsv1_108,samp_skins_images/lsv1_108.png
109,lsv2_109,samp_skins_images/lsv2_109.png
110,lsv3_110,samp_skins_images/lsv3_110.png
111,maffa_111,samp_skins_images/maffa_111.png
112,maffb_112,samp_skins_images/maffb_112.png
113,mafboss_113,samp_skins_images/mafboss_113.png
114,vla1_114,samp_skins_images/vla1_114.png
115,vla2_115,samp_skins_images/vla2_115.png
116,vla3_116,samp_skins_images/vla3_116.png
117,triada_117,samp_skins_images/triada_117.png
118,triadb_118,samp_skins_images/triadb_118.png
119,sindaco_119,samp_skins_images/sindaco_119.png
120,triboss_120,samp_skins_images/triboss_120.png
121,dnb1_121,samp_skins_images/dnb1_121.png
122,dnb2_122,samp_skins_images/dnb2_122.png
123,dnb3_123,samp_skins_images/dnb3_123.png
124,vmaff1_124,samp_skins_images/vmaff1_124.png
125,vmaff2_125,samp_skins_images/vmaff2_125.png
126,vmaff3_126,samp_skins_images/vmaff3_126.png
127,vmaff4_127,samp_skins_images/vmaff4_127.png
128,dnmylc_128,samp_skins_images/dnmylc_128.png
129,dnfolc1_129,samp_skins_images/dnfolc1_129.png
130,dnfolc2_130,samp_skins_images/dnfolc2_130.png
131,dnfylc_131,samp_skins_images/dnfylc_131.png
132,dnmolc1_132,samp_skins_images/dnmolc1_132.png
133,dnmolc2_133,samp_skins_images/dnmolc2_133.png
134,sbmotr2_134,samp_skins_images/sbmotr2_134.png
135,swmotr2_135,samp_skins_images/swmotr2_135.png
136,sbmytr3_136,samp_skins_images/sbmytr3_136.png
137,swmotr3_137,samp_skins_images/swmotr3_137.png
138,wfybe_138,samp_skins_images/wfybe_138.png
139,bfybe_139,samp_skins_images/bfybe_139.png
140,hfybe_140,samp_skins_images/hfybe_140.png
141,sofybu_141,samp_skins_images/sofybu_141.png
142,sbmyst_142,samp_skins_images/sbmyst_142.png
143,sbmycr_143,samp_skins_images/sbmycr_143.png
144,bmycg_144,samp_skins_images/bmycg_144.png
145,wfycrk_145,samp_skins_images/wfycrk_145.png
146,hmycm_146,samp_skins_images/hmycm_146.png
147,wmybu_147,samp_skins_images/wmybu_147.png
148,bfybu_148,samp_skins_images/bfybu_148.png
149,smokev_149,samp_skins_images/smokev_149.png
150,wfybu_150,samp_skins_images/wfybu_150.png
151,dwfylc1_151,samp_skins_images/dwfylc1_151.png
152,wfypro_152,samp_skins_images/wfypro_152.png
153,wmyconb_153,samp_skins_images/wmyconb_153.png
154,wmybe_154,samp_skins_images/wmybe_154.png
155,wmypizz_155,samp_skins_images/wmypizz_155.png
156,bmobar_156,samp_skins_images/bmobar_156.png
157,cwfyhb_157,samp_skins_images/cwfyhb_157.png
158,cwmofr_158,samp_skins_images/cwmofr_158.png
159,cwmohb1_159,samp_skins_images/cwmohb1_159.png
160,cwmohb2_160,samp_skins_images/cwmohb2_160.png
161,cwmyfr_161,samp_skins_images/cwmyfr_161.png
162,cwmyhb1_162,samp_skins_images/cwmyhb1_162.png
163,bmyboun_163,samp_skins_images/bmyboun_163.png
164,wmyboun_164,samp_skins_images/wmyboun_164.png
165,wmomib_165,samp_skins_images/wmomib_165.png
166,bmymib_166,samp_skins_images/bmymib_166.png
167,wmybell_167,samp_skins_images/wmybell_167.png
168,bmochil_168,samp_skins_images/bmochil_168.png
169,sofyri_169,samp_skins_images/sofyri_169.png
170,somyst_170,samp_skins_images/somyst_170.png
171,vwmybjd_171,samp_skins_images/vwmybjd_171.png
172,vwfycrp_172,samp_skins_images/vwfycrp_172.png
173,sfr1_173,samp_skins_images/sfr1_173.png
174,sfr2_174,samp_skins_images/sfr2_174.png
175,sfr3_175,samp_skins_images/sfr3_175.png
176,bmybar_176,samp_skins_images/bmybar_176.png
177,wmybar_177,samp_skins_images/wmybar_177.png
178,wfysex_178,samp_skins_images/wfysex_178.png
179,wmyammo_179,samp_skins_images/wmyammo_179.png
180,bmytatt_180,samp_skins_images/bmytatt_180.png
181,vwmycr_181,samp_skins_images/vwmycr_181.png
182,vbmocd_182,samp_skins_images/vbmocd_182.png
183,vbmycr_183,samp_skins_images/vbmycr_183.png
184,vhmycr_184,samp_skins_images/vhmycr_184.png
185,sbmyri_185,samp_skins_images/sbmyri_185.png
186,somyri_186,samp_skins_images/somyri_186.png
187,somybu_187,samp_skins_images/somybu_187.png
188,swmyst_188,samp_skins_images/swmyst_188.png
189,wmyva_189,samp_skins_images/wmyva_189.png
190,copgrl3_190,samp_skins_images/copgrl3_190.png
191,gungrl3_191,samp_skins_images/gungrl3_191.png
192,mecgrl3_192,samp_skins_images/mecgrl3_192.png
193,nurgrl3_193,samp_skins_images/nurgrl3_193.png
194,crogrl3_194,samp_skins_images/crogrl3_194.png
195,gangrl3_195,samp_skins_images/gangrl3_195.png
196,cwfofr_196,samp_skins_images/cwfofr_196.png
197,cwfohb_197,samp_skins_images/cwfohb_197.png
198,cwfyfr1_198,samp_skins_images/cwfyfr1_198.png
199,cwfyfr2_199,samp_skins_images/cwfyfr2_199.png
200,cwmyhb2_200,samp_skins_images/cwmyhb2_200.png
201,dwfylc2_201,samp_skins_images/dwfylc2_201.png
202,dwmylc2_202,samp_skins_images/dwmylc2_202.png
203,omykara_203,samp_skins_images/omykara_203.png
204,wmykara_204,samp_skins_images/wmykara_204.png
205,wfyburg_205,samp_skins_images/wfyburg_205.png
206,vwmycd_206,samp_skins_images/vwmycd_206.png
207,vhfypro_207,samp_skins_images/vhfypro_207.png
208,suzie_208,samp_skins_images/suzie_208.png
209,omonood_209,samp_skins_images/omonood_209.png
210,omoboat_210,samp_skins_images/omoboat_210.png
211,wfyclot_211,samp_skins_images/wfyclot_211.png
212,vwmotr1_212,samp_skins_images/vwmotr1_212.png
213,vwmotr2_213,samp_skins_images/vwmotr2_213.png
214,vwfywai_214,samp_skins_images/vwfywai_214.png
215,sbfori_215,samp_skins_images/sbfori_215.png
216,swfyri_216,samp_skins_images/swfyri_216.png
217,wmyclot_217,samp_skins_images/wmyclot_217.png
218,sbfost_218,samp_skins_images/sbfost_218.png
219,sbfyri_219,samp_skins_images/sbfyri_219.png
220,sbmocd_220,samp_skins_images/sbmocd_220.png
221,sbmori_221,samp_skins_images/sbmori_221.png
222,sbmost_222,samp_skins_images/sbmost_222.png
223,shmycr_223,samp_skins_images/shmycr_223.png
224,sofori_224,samp_skins_images/sofori_224.png
225,sofost_225,samp_skins_images/sofost_225.png
226,sofyst_226,samp_skins_images/sofyst_226.png
227,somobu_227,samp_skins_images/somobu_227.png
228,somori_228,samp_skins_images/somori_228.png
229,somost_229,samp_skins_images/somost_229.png
230,swmotr5_230,samp_skins_images/swmotr5_230.png
231,swfori_231,samp_skins_images/swfori_231.png
232,swfost_232,samp_skins_images/swfost_232.png
233,swfyst_233,samp_skins_images/swfyst_233.png
234,swmocd_234,samp_skins_images/swmocd_234.png
235,swmori_235,samp_skins_images/swmori_235.png
236,swmost_236,samp_skins_images/swmost_236.png
237,shfypro_237,samp_skins_images/shfypro_237.png
238,sbfypro_238,samp_skins_images/sbfypro_238.png
239,swmotr4_239,samp_skins_images/swmotr4_239.png
240,swmyri_240,samp_skins_images/swmyri_240.png
241,smyst_241,samp_skins_images/smyst_241.png
242,smyst2_242,samp_skins_images/smyst2_242.png
243,sfypro_243,samp_skins_images/sfypro_243.png
244,vbfyst2_244,samp_skins_images/vbfyst2_244.png
245,vbfypro_245,samp_skins_images/vbfypro_245.png
246,vhfyst3_246,samp_skins_images/vhfyst3_246.png
247,bikera_247,samp_skins_images/bikera_247.png
248,bikerb_248,samp_skins_images/bikerb_248.png
249,bmypimp_249,samp_skins_images/bmypimp_249.png
250,swmycr_250,samp_skins_images/swmycr_250.png
251,wfylg_251,samp_skins_images/wfylg_251.png
252,wmyva2_252,samp_skins_images/wmyva2_252.png
253,bmosec_253,samp_skins_images/bmosec_253.png
254,bikdrug_254,samp_skins_images/bikdrug_254.png
255,wmych_255,samp_skins_images/wmych_255.png
256,sbfystr_256,samp_skins_images/sbfystr_256.png
257,swfystr_257,samp_skins_images/swfystr_257.png
258,heck1_258,samp_skins_images/heck1_258.png
259,heck2_259,samp_skins_images/heck2_259.png
260,bmycon_260,samp_skins_images/bmycon_260.png
261,wmycd1_261,samp_skins_images/wmycd1_261.png
262,bmocd_262,samp_skins_images/bmocd_262.png
263,vwfywa2_263,samp_skins_images/vwfywa2_263.png
264,wmoice_264,samp_skins_images/wmoice_264.png
265,tenpen_265,samp_skins_images/tenpen_265.png
266,pulaski_266,samp_skins_images/pulaski_266.png
267,hern_267,samp_skins_images/hern_267.png
268,dwayne_268,samp_skins_images/dwayne_268.png
269,smoke_269,samp_skins_images/smoke_269.png
270,sweet_270,samp_skins_images/sweet_270.png
271,ryder_271,samp_skins_images/ryder_271.png
272,forelli_272,samp_skins_images/forelli_272.png
273,tbone_273,samp_skins_images/tbone_273.png
274,laemt1_274,samp_skins_images/laemt1_274.png
275,lvemt1_275,samp_skins_images/lvemt1_275.png
276,sfemt1_276,samp_skins_images/sfemt1_276.png
277,lafd1_277,samp_skins_images/lafd1_277.png
278,lvfd1_278,samp_skins_images/lvfd1_278.png
279,sffd1_279,samp_skins_images/sffd1_279.png
280,lapd1_280,samp_skins_images/lapd1_280.png
281,sfpd1_281,samp_skins_images/sfpd1_281.png
282,lvpd1_282,samp_skins_images/lvpd1_282.png
283,csher_283,samp_skins_images/csher_283.png
284,lapdm1_284,samp_skins_images/lapdm1_284.png
285,swat_285,samp_skins_images/swat_285.png
286,fbi_286,samp_skins_images/fbi_286.png
287,army_287,samp_skins_images/army_287.png
288,dsher_288,samp_skins_images/dsher_288.png
289,zero_289,samp_skins_images/zero_289.png
290,rose_290,samp_skins_images/rose_290.png
291,paul_291,samp_skins_images/paul_291.png
292,cesar_292,samp_skins_images/cesar_292.png
293,ogloc_293,samp_skins_images/ogloc_293.png
294,wuzimu_294,samp_skins_images/wuzimu_294.png
295,torino_295,samp_skins_images/torino_295.png
296,jizzy_296,samp_skins_images/jizzy_296.png
297,maddogg_297,samp_skins_images/maddogg_297.png
298,cat_298,samp_skins_images/cat_298.png
299,claude_299,samp_skins_images/claude_299.png
300,lapdna_300,samp_skins_images/lapdna_300.png
301,sfpdna_301,samp_skins_images/sfpdna_301.png
302,lvpdna_302,samp_skins_images/lvpdna_302.png
303,lapdpc_303,samp_skins_images/lapdpc_303.png
304,lapdpd_304,samp_skins_images/lapdpd_304.png
305,lvpdpc_305,samp_skins_images/lvpdpc_305.png
306,wfyclpd_306,samp_skins_images/wfyclpd_306.png
307,vbfycpd_307,samp_skins_images/vbfycpd_307.png
308,wfyclem_308,samp_skins_images/wfyclem_308.png
309,wfycllv_309,samp_skins_images/wfycllv_309.png
310,csherna_310,samp_skins_images/csherna_310.png
311,dsherna_311,samp_skins_images/dsherna_311.png
